{
  "currentRound": 0,
  "maxRounds": 200,
  "mapSize": 32,
  "currentWormId": 1,
  "consecutiveDoNothingCount": 0,
  "selfPlayer": {
    "id": 1,
    "score": 0,
    "health": 300,
    "worms": [
      {
        "id": 1,
        "health": 100,
        "position": {
          "x": 18,
          "y": 31
        },
        "weapon": {
          "damage": 1,
          "range": 4
        },
        "diggingRange": 1,
        "movementRange": 1
      },
      {
        "id": 2,
        "health": 100,
        "position": {
          "x": 1,
          "y": 10
        },
        "weapon": {
          "damage": 1,
          "range": 4
        },
        "diggingRange": 1,
        "movementRange": 1
      },
      {
        "id": 3,
        "health": 100,
        "position": {
          "x": 27,
          "y": 6
        },
        "weapon": {
          "damage": 1,
          "range": 4
        },
        "diggingRange": 1,
        "movementRange": 1
      }
    ]
  },
  "enemyPlayers": [
    {
      "id": 2,
      "score": 0,
      "worms": [
        {
          "id": 1,
          "health": 100,
          "position": {
            "x": 31,
            "y": 16
          },
          "diggingRange": 1,
          "movementRange": 1
        },
        {
          "id": 2,
          "health": 100,
          "position": {
            "x": 8,
            "y": 29
          },
          "diggingRange": 1,
          "movementRange": 1
        },
        {
          "id": 3,
          "health": 100,
          "position": {
            "x": 8,
            "y": 2
          },
          "diggingRange": 1,
          "movementRange": 1
        }
      ]
    }
  ],
  "map": [
    [
      {
        "x": 0,
        "y": 0,
        "type": "DEEP_SPACE"
      },
      {
        "x": 1,
        "y": 0,
        "type": "DEEP_SPACE"
      },
      {
        "x": 2,
        "y": 0,
        "type": "DEEP_SPACE"
      },
      {
        "x": 3,
        "y": 0,
        "type": "DEEP_SPACE"
      },
      {
        "x": 4,
        "y": 0,
        "type": "DEEP_SPACE"
      },
      {
        "x": 5,
        "y": 0,
        "type": "DEEP_SPACE"
      },
      {
        "x": 6,
        "y": 0,
        "type": "DEEP_SPACE"
      },
      {
        "x": 7,
        "y": 0,
        "type": "DEEP_SPACE"
      },
      {
        "x": 8,
        "y": 0,
        "type": "DEEP_SPACE"
      },
      {
        "x": 9,
        "y": 0,
        "type": "DEEP_SPACE"
      },
      {
        "x": 10,
        "y": 0,
        "type": "DIRT"
      },
      {
        "x": 11,
        "y": 0,
        "type": "AIR"
      },
      {
        "x": 12,
        "y": 0,
        "type": "AIR"
      },
      {
        "x": 13,
        "y": 0,
        "type": "AIR"
      },
      {
        "x": 14,
        "y": 0,
        "type": "DIRT"
      },
      {
        "x": 15,
        "y": 0,
        "type": "AIR"
      },
      {
        "x": 16,
        "y": 0,
        "type": "DIRT"
      },
      {
        "x": 17,
        "y": 0,
        "type": "AIR"
      },
      {
        "x": 18,
        "y": 0,
        "type": "AIR",
        "occupier": {
          "id": 3,
          "playerId": 3,
          "health": 100,
          "position": {
            "x": 18,
            "y": 0
          },
          "diggingRange": 1,
          "movementRange": 1
        }
      },
      {
        "x": 19,
        "y": 0,
        "type": "AIR"
      },
      {
        "x": 20,
        "y": 0,
        "type": "DIRT"
      },
      {
        "x": 21,
        "y": 0,
        "type": "DIRT"
      },
      {
        "x": 22,
        "y": 0,
        "type": "DEEP_SPACE"
      },
      {
        "x": 23,
        "y": 0,
        "type": "DEEP_SPACE"
      },
      {
        "x": 24,
        "y": 0,
        "type": "DEEP_SPACE"
      },
      {
        "x": 25,
        "y": 0,
        "type": "DEEP_SPACE"
      },
      {
        "x": 26,
        "y": 0,
        "type": "DEEP_SPACE"
      },
      {
        "x": 27,
        "y": 0,
        "type": "DEEP_SPACE"
      },
      {
        "x": 28,
        "y": 0,
        "type": "DEEP_SPACE"
      },
      {
        "x": 29,
        "y": 0,
        "type": "DEEP_SPACE"
      },
      {
        "x": 30,
        "y": 0,
        "type": "DEEP_SPACE"
      },
      {
        "x": 31,
        "y": 0,
        "type": "DEEP_SPACE"
      }
    ],
    [
      {
        "x": 0,
        "y": 1,
        "type": "DEEP_SPACE"
      },
      {
        "x": 1,
        "y": 1,
        "type": "DEEP_SPACE"
      },
      {
        "x": 2,
        "y": 1,
        "type": "DEEP_SPACE"
      },
      {
        "x": 3,
        "y": 1,
        "type": "DEEP_SPACE"
      },
      {
        "x": 4,
        "y": 1,
        "type": "DEEP_SPACE"
      },
      {
        "x": 5,
        "y": 1,
        "type": "DEEP_SPACE"
      },
      {
        "x": 6,
        "y": 1,
        "type": "DEEP_SPACE"
      },
      {
        "x": 7,
        "y": 1,
        "type": "DEEP_SPACE"
      },
      {
        "x": 8,
        "y": 1,
        "type": "AIR"
      },
      {
        "x": 9,
        "y": 1,
        "type": "AIR"
      },
      {
        "x": 10,
        "y": 1,
        "type": "DIRT"
      },
      {
        "x": 11,
        "y": 1,
        "type": "DIRT"
      },
      {
        "x": 12,
        "y": 1,
        "type": "AIR"
      },
      {
        "x": 13,
        "y": 1,
        "type": "AIR"
      },
      {
        "x": 14,
        "y": 1,
        "type": "DIRT"
      },
      {
        "x": 15,
        "y": 1,
        "type": "DIRT"
      },
      {
        "x": 16,
        "y": 1,
        "type": "DIRT"
      },
      {
        "x": 17,
        "y": 1,
        "type": "AIR"
      },
      {
        "x": 18,
        "y": 1,
        "type": "AIR"
      },
      {
        "x": 19,
        "y": 1,
        "type": "AIR"
      },
      {
        "x": 20,
        "y": 1,
        "type": "DIRT"
      },
      {
        "x": 21,
        "y": 1,
        "type": "DIRT"
      },
      {
        "x": 22,
        "y": 1,
        "type": "AIR"
      },
      {
        "x": 23,
        "y": 1,
        "type": "AIR"
      },
      {
        "x": 24,
        "y": 1,
        "type": "DEEP_SPACE"
      },
      {
        "x": 25,
        "y": 1,
        "type": "DEEP_SPACE"
      },
      {
        "x": 26,
        "y": 1,
        "type": "DEEP_SPACE"
      },
      {
        "x": 27,
        "y": 1,
        "type": "DEEP_SPACE"
      },
      {
        "x": 28,
        "y": 1,
        "type": "DEEP_SPACE"
      },
      {
        "x": 29,
        "y": 1,
        "type": "DEEP_SPACE"
      },
      {
        "x": 30,
        "y": 1,
        "type": "DEEP_SPACE"
      },
      {
        "x": 31,
        "y": 1,
        "type": "DEEP_SPACE"
      }
    ],
    [
      {
        "x": 0,
        "y": 2,
        "type": "DEEP_SPACE"
      },
      {
        "x": 1,
        "y": 2,
        "type": "DEEP_SPACE"
      },
      {
        "x": 2,
        "y": 2,
        "type": "DEEP_SPACE"
      },
      {
        "x": 3,
        "y": 2,
        "type": "DEEP_SPACE"
      },
      {
        "x": 4,
        "y": 2,
        "type": "DEEP_SPACE"
      },
      {
        "x": 5,
        "y": 2,
        "type": "DEEP_SPACE"
      },
      {
        "x": 6,
        "y": 2,
        "type": "DEEP_SPACE"
      },
      {
        "x": 7,
        "y": 2,
        "type": "AIR"
      },
      {
        "x": 8,
        "y": 2,
        "type": "AIR",
        "occupier": {
          "id": 3,
          "playerId": 2,
          "health": 100,
          "position": {
            "x": 8,
            "y": 2
          },
          "diggingRange": 1,
          "movementRange": 1
        }
      },
      {
        "x": 9,
        "y": 2,
        "type": "AIR"
      },
      {
        "x": 10,
        "y": 2,
        "type": "DIRT"
      },
      {
        "x": 11,
        "y": 2,
        "type": "AIR"
      },
      {
        "x": 12,
        "y": 2,
        "type": "AIR"
      },
      {
        "x": 13,
        "y": 2,
        "type": "DIRT"
      },
      {
        "x": 14,
        "y": 2,
        "type": "DIRT"
      },
      {
        "x": 15,
        "y": 2,
        "type": "DIRT"
      },
      {
        "x": 16,
        "y": 2,
        "type": "DIRT"
      },
      {
        "x": 17,
        "y": 2,
        "type": "DIRT"
      },
      {
        "x": 18,
        "y": 2,
        "type": "DIRT"
      },
      {
        "x": 19,
        "y": 2,
        "type": "DIRT"
      },
      {
        "x": 20,
        "y": 2,
        "type": "DIRT"
      },
      {
        "x": 21,
        "y": 2,
        "type": "DIRT"
      },
      {
        "x": 22,
        "y": 2,
        "type": "AIR"
      },
      {
        "x": 23,
        "y": 2,
        "type": "AIR"
      },
      {
        "x": 24,
        "y": 2,
        "type": "DIRT"
      },
      {
        "x": 25,
        "y": 2,
        "type": "DEEP_SPACE"
      },
      {
        "x": 26,
        "y": 2,
        "type": "DEEP_SPACE"
      },
      {
        "x": 27,
        "y": 2,
        "type": "DEEP_SPACE"
      },
      {
        "x": 28,
        "y": 2,
        "type": "DEEP_SPACE"
      },
      {
        "x": 29,
        "y": 2,
        "type": "DEEP_SPACE"
      },
      {
        "x": 30,
        "y": 2,
        "type": "DEEP_SPACE"
      },
      {
        "x": 31,
        "y": 2,
        "type": "DEEP_SPACE"
      }
    ],
    [
      {
        "x": 0,
        "y": 3,
        "type": "DEEP_SPACE"
      },
      {
        "x": 1,
        "y": 3,
        "type": "DEEP_SPACE"
      },
      {
        "x": 2,
        "y": 3,
        "type": "DEEP_SPACE"
      },
      {
        "x": 3,
        "y": 3,
        "type": "DEEP_SPACE"
      },
      {
        "x": 4,
        "y": 3,
        "type": "DEEP_SPACE"
      },
      {
        "x": 5,
        "y": 3,
        "type": "DIRT"
      },
      {
        "x": 6,
        "y": 3,
        "type": "DIRT"
      },
      {
        "x": 7,
        "y": 3,
        "type": "AIR"
      },
      {
        "x": 8,
        "y": 3,
        "type": "AIR"
      },
      {
        "x": 9,
        "y": 3,
        "type": "AIR"
      },
      {
        "x": 10,
        "y": 3,
        "type": "DIRT"
      },
      {
        "x": 11,
        "y": 3,
        "type": "DIRT"
      },
      {
        "x": 12,
        "y": 3,
        "type": "DIRT"
      },
      {
        "x": 13,
        "y": 3,
        "type": "AIR"
      },
      {
        "x": 14,
        "y": 3,
        "type": "AIR"
      },
      {
        "x": 15,
        "y": 3,
        "type": "DIRT"
      },
      {
        "x": 16,
        "y": 3,
        "type": "AIR"
      },
      {
        "x": 17,
        "y": 3,
        "type": "AIR"
      },
      {
        "x": 18,
        "y": 3,
        "type": "AIR"
      },
      {
        "x": 19,
        "y": 3,
        "type": "AIR"
      },
      {
        "x": 20,
        "y": 3,
        "type": "DIRT"
      },
      {
        "x": 21,
        "y": 3,
        "type": "DIRT"
      },
      {
        "x": 22,
        "y": 3,
        "type": "AIR"
      },
      {
        "x": 23,
        "y": 3,
        "type": "AIR"
      },
      {
        "x": 24,
        "y": 3,
        "type": "AIR"
      },
      {
        "x": 25,
        "y": 3,
        "type": "AIR"
      },
      {
        "x": 26,
        "y": 3,
        "type": "AIR"
      },
      {
        "x": 27,
        "y": 3,
        "type": "DEEP_SPACE"
      },
      {
        "x": 28,
        "y": 3,
        "type": "DEEP_SPACE"
      },
      {
        "x": 29,
        "y": 3,
        "type": "DEEP_SPACE"
      },
      {
        "x": 30,
        "y": 3,
        "type": "DEEP_SPACE"
      },
      {
        "x": 31,
        "y": 3,
        "type": "DEEP_SPACE"
      }
    ],
    [
      {
        "x": 0,
        "y": 4,
        "type": "DEEP_SPACE"
      },
      {
        "x": 1,
        "y": 4,
        "type": "DEEP_SPACE"
      },
      {
        "x": 2,
        "y": 4,
        "type": "DEEP_SPACE"
      },
      {
        "x": 3,
        "y": 4,
        "type": "DEEP_SPACE"
      },
      {
        "x": 4,
        "y": 4,
        "type": "DIRT"
      },
      {
        "x": 5,
        "y": 4,
        "type": "AIR"
      },
      {
        "x": 6,
        "y": 4,
        "type": "DIRT"
      },
      {
        "x": 7,
        "y": 4,
        "type": "DIRT"
      },
      {
        "x": 8,
        "y": 4,
        "type": "DIRT"
      },
      {
        "x": 9,
        "y": 4,
        "type": "DIRT"
      },
      {
        "x": 10,
        "y": 4,
        "type": "DIRT"
      },
      {
        "x": 11,
        "y": 4,
        "type": "AIR"
      },
      {
        "x": 12,
        "y": 4,
        "type": "AIR"
      },
      {
        "x": 13,
        "y": 4,
        "type": "AIR"
      },
      {
        "x": 14,
        "y": 4,
        "type": "DIRT"
      },
      {
        "x": 15,
        "y": 4,
        "type": "DIRT"
      },
      {
        "x": 16,
        "y": 4,
        "type": "DIRT"
      },
      {
        "x": 17,
        "y": 4,
        "type": "DIRT"
      },
      {
        "x": 18,
        "y": 4,
        "type": "DIRT"
      },
      {
        "x": 19,
        "y": 4,
        "type": "AIR"
      },
      {
        "x": 20,
        "y": 4,
        "type": "AIR"
      },
      {
        "x": 21,
        "y": 4,
        "type": "AIR"
      },
      {
        "x": 22,
        "y": 4,
        "type": "AIR"
      },
      {
        "x": 23,
        "y": 4,
        "type": "DIRT"
      },
      {
        "x": 24,
        "y": 4,
        "type": "AIR"
      },
      {
        "x": 25,
        "y": 4,
        "type": "DIRT"
      },
      {
        "x": 26,
        "y": 4,
        "type": "DIRT"
      },
      {
        "x": 27,
        "y": 4,
        "type": "DIRT"
      },
      {
        "x": 28,
        "y": 4,
        "type": "DEEP_SPACE"
      },
      {
        "x": 29,
        "y": 4,
        "type": "DEEP_SPACE"
      },
      {
        "x": 30,
        "y": 4,
        "type": "DEEP_SPACE"
      },
      {
        "x": 31,
        "y": 4,
        "type": "DEEP_SPACE"
      }
    ],
    [
      {
        "x": 0,
        "y": 5,
        "type": "DEEP_SPACE"
      },
      {
        "x": 1,
        "y": 5,
        "type": "DEEP_SPACE"
      },
      {
        "x": 2,
        "y": 5,
        "type": "DEEP_SPACE"
      },
      {
        "x": 3,
        "y": 5,
        "type": "DIRT"
      },
      {
        "x": 4,
        "y": 5,
        "type": "DIRT"
      },
      {
        "x": 5,
        "y": 5,
        "type": "AIR"
      },
      {
        "x": 6,
        "y": 5,
        "type": "AIR"
      },
      {
        "x": 7,
        "y": 5,
        "type": "AIR"
      },
      {
        "x": 8,
        "y": 5,
        "type": "AIR"
      },
      {
        "x": 9,
        "y": 5,
        "type": "DIRT"
      },
      {
        "x": 10,
        "y": 5,
        "type": "DIRT"
      },
      {
        "x": 11,
        "y": 5,
        "type": "AIR"
      },
      {
        "x": 12,
        "y": 5,
        "type": "AIR"
      },
      {
        "x": 13,
        "y": 5,
        "type": "DIRT"
      },
      {
        "x": 14,
        "y": 5,
        "type": "DIRT"
      },
      {
        "x": 15,
        "y": 5,
        "type": "DIRT"
      },
      {
        "x": 16,
        "y": 5,
        "type": "DIRT"
      },
      {
        "x": 17,
        "y": 5,
        "type": "DIRT"
      },
      {
        "x": 18,
        "y": 5,
        "type": "AIR"
      },
      {
        "x": 19,
        "y": 5,
        "type": "AIR"
      },
      {
        "x": 20,
        "y": 5,
        "type": "AIR"
      },
      {
        "x": 21,
        "y": 5,
        "type": "AIR"
      },
      {
        "x": 22,
        "y": 5,
        "type": "AIR"
      },
      {
        "x": 23,
        "y": 5,
        "type": "DIRT"
      },
      {
        "x": 24,
        "y": 5,
        "type": "DIRT"
      },
      {
        "x": 25,
        "y": 5,
        "type": "DIRT"
      },
      {
        "x": 26,
        "y": 5,
        "type": "AIR"
      },
      {
        "x": 27,
        "y": 5,
        "type": "AIR"
      },
      {
        "x": 28,
        "y": 5,
        "type": "AIR"
      },
      {
        "x": 29,
        "y": 5,
        "type": "DEEP_SPACE"
      },
      {
        "x": 30,
        "y": 5,
        "type": "DEEP_SPACE"
      },
      {
        "x": 31,
        "y": 5,
        "type": "DEEP_SPACE"
      }
    ],
    [
      {
        "x": 0,
        "y": 6,
        "type": "DEEP_SPACE"
      },
      {
        "x": 1,
        "y": 6,
        "type": "DEEP_SPACE"
      },
      {
        "x": 2,
        "y": 6,
        "type": "DEEP_SPACE"
      },
      {
        "x": 3,
        "y": 6,
        "type": "DIRT"
      },
      {
        "x": 4,
        "y": 6,
        "type": "AIR"
      },
      {
        "x": 5,
        "y": 6,
        "type": "AIR"
      },
      {
        "x": 6,
        "y": 6,
        "type": "AIR"
      },
      {
        "x": 7,
        "y": 6,
        "type": "DIRT"
      },
      {
        "x": 8,
        "y": 6,
        "type": "DIRT"
      },
      {
        "x": 9,
        "y": 6,
        "type": "DIRT"
      },
      {
        "x": 10,
        "y": 6,
        "type": "DIRT"
      },
      {
        "x": 11,
        "y": 6,
        "type": "DIRT"
      },
      {
        "x": 12,
        "y": 6,
        "type": "AIR"
      },
      {
        "x": 13,
        "y": 6,
        "type": "AIR"
      },
      {
        "x": 14,
        "y": 6,
        "type": "DIRT"
      },
      {
        "x": 15,
        "y": 6,
        "type": "DIRT"
      },
      {
        "x": 16,
        "y": 6,
        "type": "DIRT"
      },
      {
        "x": 17,
        "y": 6,
        "type": "DIRT"
      },
      {
        "x": 18,
        "y": 6,
        "type": "AIR"
      },
      {
        "x": 19,
        "y": 6,
        "type": "AIR"
      },
      {
        "x": 20,
        "y": 6,
        "type": "AIR"
      },
      {
        "x": 21,
        "y": 6,
        "type": "AIR"
      },
      {
        "x": 22,
        "y": 6,
        "type": "AIR"
      },
      {
        "x": 23,
        "y": 6,
        "type": "AIR"
      },
      {
        "x": 24,
        "y": 6,
        "type": "DIRT"
      },
      {
        "x": 25,
        "y": 6,
        "type": "DIRT"
      },
      {
        "x": 26,
        "y": 6,
        "type": "AIR"
      },
      {
        "x": 27,
        "y": 6,
        "type": "AIR",
        "occupier": {
          "id": 3,
          "playerId": 1,
          "health": 100,
          "position": {
            "x": 27,
            "y": 6
          },
          "weapon": {
            "damage": 1,
            "range": 4
          },
          "diggingRange": 1,
          "movementRange": 1
        }
      },
      {
        "x": 28,
        "y": 6,
        "type": "AIR"
      },
      {
        "x": 29,
        "y": 6,
        "type": "DEEP_SPACE"
      },
      {
        "x": 30,
        "y": 6,
        "type": "DEEP_SPACE"
      },
      {
        "x": 31,
        "y": 6,
        "type": "DEEP_SPACE"
      }
    ],
    [
      {
        "x": 0,
        "y": 7,
        "type": "DEEP_SPACE"
      },
      {
        "x": 1,
        "y": 7,
        "type": "DEEP_SPACE"
      },
      {
        "x": 2,
        "y": 7,
        "type": "DIRT"
      },
      {
        "x": 3,
        "y": 7,
        "type": "DIRT"
      },
      {
        "x": 4,
        "y": 7,
        "type": "AIR"
      },
      {
        "x": 5,
        "y": 7,
        "type": "AIR"
      },
      {
        "x": 6,
        "y": 7,
        "type": "DIRT"
      },
      {
        "x": 7,
        "y": 7,
        "type": "DIRT"
      },
      {
        "x": 8,
        "y": 7,
        "type": "DIRT"
      },
      {
        "x": 9,
        "y": 7,
        "type": "DIRT"
      },
      {
        "x": 10,
        "y": 7,
        "type": "DIRT"
      },
      {
        "x": 11,
        "y": 7,
        "type": "DIRT"
      },
      {
        "x": 12,
        "y": 7,
        "type": "AIR"
      },
      {
        "x": 13,
        "y": 7,
        "type": "AIR"
      },
      {
        "x": 14,
        "y": 7,
        "type": "DIRT"
      },
      {
        "x": 15,
        "y": 7,
        "type": "DIRT"
      },
      {
        "x": 16,
        "y": 7,
        "type": "AIR"
      },
      {
        "x": 17,
        "y": 7,
        "type": "AIR"
      },
      {
        "x": 18,
        "y": 7,
        "type": "AIR"
      },
      {
        "x": 19,
        "y": 7,
        "type": "AIR"
      },
      {
        "x": 20,
        "y": 7,
        "type": "DIRT"
      },
      {
        "x": 21,
        "y": 7,
        "type": "AIR"
      },
      {
        "x": 22,
        "y": 7,
        "type": "AIR"
      },
      {
        "x": 23,
        "y": 7,
        "type": "AIR"
      },
      {
        "x": 24,
        "y": 7,
        "type": "DIRT"
      },
      {
        "x": 25,
        "y": 7,
        "type": "DIRT"
      },
      {
        "x": 26,
        "y": 7,
        "type": "AIR"
      },
      {
        "x": 27,
        "y": 7,
        "type": "AIR"
      },
      {
        "x": 28,
        "y": 7,
        "type": "AIR"
      },
      {
        "x": 29,
        "y": 7,
        "type": "DIRT"
      },
      {
        "x": 30,
        "y": 7,
        "type": "DEEP_SPACE"
      },
      {
        "x": 31,
        "y": 7,
        "type": "DEEP_SPACE"
      }
    ],
    [
      {
        "x": 0,
        "y": 8,
        "type": "DEEP_SPACE"
      },
      {
        "x": 1,
        "y": 8,
        "type": "DIRT"
      },
      {
        "x": 2,
        "y": 8,
        "type": "DIRT"
      },
      {
        "x": 3,
        "y": 8,
        "type": "DIRT"
      },
      {
        "x": 4,
        "y": 8,
        "type": "AIR"
      },
      {
        "x": 5,
        "y": 8,
        "type": "DIRT"
      },
      {
        "x": 6,
        "y": 8,
        "type": "DIRT"
      },
      {
        "x": 7,
        "y": 8,
        "type": "DIRT"
      },
      {
        "x": 8,
        "y": 8,
        "type": "DIRT"
      },
      {
        "x": 9,
        "y": 8,
        "type": "AIR"
      },
      {
        "x": 10,
        "y": 8,
        "type": "AIR"
      },
      {
        "x": 11,
        "y": 8,
        "type": "DIRT"
      },
      {
        "x": 12,
        "y": 8,
        "type": "DIRT"
      },
      {
        "x": 13,
        "y": 8,
        "type": "AIR"
      },
      {
        "x": 14,
        "y": 8,
        "type": "DIRT"
      },
      {
        "x": 15,
        "y": 8,
        "type": "DIRT"
      },
      {
        "x": 16,
        "y": 8,
        "type": "AIR"
      },
      {
        "x": 17,
        "y": 8,
        "type": "DIRT"
      },
      {
        "x": 18,
        "y": 8,
        "type": "DIRT"
      },
      {
        "x": 19,
        "y": 8,
        "type": "DIRT"
      },
      {
        "x": 20,
        "y": 8,
        "type": "DIRT"
      },
      {
        "x": 21,
        "y": 8,
        "type": "DIRT"
      },
      {
        "x": 22,
        "y": 8,
        "type": "AIR"
      },
      {
        "x": 23,
        "y": 8,
        "type": "DIRT"
      },
      {
        "x": 24,
        "y": 8,
        "type": "DIRT"
      },
      {
        "x": 25,
        "y": 8,
        "type": "DIRT"
      },
      {
        "x": 26,
        "y": 8,
        "type": "DIRT"
      },
      {
        "x": 27,
        "y": 8,
        "type": "DIRT"
      },
      {
        "x": 28,
        "y": 8,
        "type": "DIRT"
      },
      {
        "x": 29,
        "y": 8,
        "type": "DIRT"
      },
      {
        "x": 30,
        "y": 8,
        "type": "AIR"
      },
      {
        "x": 31,
        "y": 8,
        "type": "DEEP_SPACE"
      }
    ],
    [
      {
        "x": 0,
        "y": 9,
        "type": "DEEP_SPACE"
      },
      {
        "x": 1,
        "y": 9,
        "type": "AIR"
      },
      {
        "x": 2,
        "y": 9,
        "type": "AIR"
      },
      {
        "x": 3,
        "y": 9,
        "type": "DIRT"
      },
      {
        "x": 4,
        "y": 9,
        "type": "DIRT"
      },
      {
        "x": 5,
        "y": 9,
        "type": "AIR"
      },
      {
        "x": 6,
        "y": 9,
        "type": "AIR"
      },
      {
        "x": 7,
        "y": 9,
        "type": "DIRT"
      },
      {
        "x": 8,
        "y": 9,
        "type": "AIR"
      },
      {
        "x": 9,
        "y": 9,
        "type": "AIR"
      },
      {
        "x": 10,
        "y": 9,
        "type": "AIR"
      },
      {
        "x": 11,
        "y": 9,
        "type": "DIRT"
      },
      {
        "x": 12,
        "y": 9,
        "type": "DIRT"
      },
      {
        "x": 13,
        "y": 9,
        "type": "AIR"
      },
      {
        "x": 14,
        "y": 9,
        "type": "AIR"
      },
      {
        "x": 15,
        "y": 9,
        "type": "AIR"
      },
      {
        "x": 16,
        "y": 9,
        "type": "AIR"
      },
      {
        "x": 17,
        "y": 9,
        "type": "DIRT"
      },
      {
        "x": 18,
        "y": 9,
        "type": "DIRT"
      },
      {
        "x": 19,
        "y": 9,
        "type": "DIRT"
      },
      {
        "x": 20,
        "y": 9,
        "type": "DIRT"
      },
      {
        "x": 21,
        "y": 9,
        "type": "AIR"
      },
      {
        "x": 22,
        "y": 9,
        "type": "AIR"
      },
      {
        "x": 23,
        "y": 9,
        "type": "AIR"
      },
      {
        "x": 24,
        "y": 9,
        "type": "DIRT"
      },
      {
        "x": 25,
        "y": 9,
        "type": "DIRT"
      },
      {
        "x": 26,
        "y": 9,
        "type": "AIR"
      },
      {
        "x": 27,
        "y": 9,
        "type": "AIR"
      },
      {
        "x": 28,
        "y": 9,
        "type": "DIRT"
      },
      {
        "x": 29,
        "y": 9,
        "type": "AIR"
      },
      {
        "x": 30,
        "y": 9,
        "type": "AIR"
      },
      {
        "x": 31,
        "y": 9,
        "type": "DEEP_SPACE"
      }
    ],
    [
      {
        "x": 0,
        "y": 10,
        "type": "AIR"
      },
      {
        "x": 1,
        "y": 10,
        "type": "AIR",
        "occupier": {
          "id": 2,
          "playerId": 1,
          "health": 100,
          "position": {
            "x": 1,
            "y": 10
          },
          "weapon": {
            "damage": 1,
            "range": 4
          },
          "diggingRange": 1,
          "movementRange": 1
        }
      },
      {
        "x": 2,
        "y": 10,
        "type": "AIR"
      },
      {
        "x": 3,
        "y": 10,
        "type": "DIRT"
      },
      {
        "x": 4,
        "y": 10,
        "type": "DIRT"
      },
      {
        "x": 5,
        "y": 10,
        "type": "AIR"
      },
      {
        "x": 6,
        "y": 10,
        "type": "AIR"
      },
      {
        "x": 7,
        "y": 10,
        "type": "AIR"
      },
      {
        "x": 8,
        "y": 10,
        "type": "AIR"
      },
      {
        "x": 9,
        "y": 10,
        "type": "AIR"
      },
      {
        "x": 10,
        "y": 10,
        "type": "DIRT"
      },
      {
        "x": 11,
        "y": 10,
        "type": "DIRT"
      },
      {
        "x": 12,
        "y": 10,
        "type": "DIRT"
      },
      {
        "x": 13,
        "y": 10,
        "type": "AIR"
      },
      {
        "x": 14,
        "y": 10,
        "type": "AIR"
      },
      {
        "x": 15,
        "y": 10,
        "type": "AIR"
      },
      {
        "x": 16,
        "y": 10,
        "type": "DIRT"
      },
      {
        "x": 17,
        "y": 10,
        "type": "DIRT"
      },
      {
        "x": 18,
        "y": 10,
        "type": "AIR"
      },
      {
        "x": 19,
        "y": 10,
        "type": "DIRT"
      },
      {
        "x": 20,
        "y": 10,
        "type": "DIRT"
      },
      {
        "x": 21,
        "y": 10,
        "type": "AIR"
      },
      {
        "x": 22,
        "y": 10,
        "type": "AIR"
      },
      {
        "x": 23,
        "y": 10,
        "type": "DIRT"
      },
      {
        "x": 24,
        "y": 10,
        "type": "DIRT"
      },
      {
        "x": 25,
        "y": 10,
        "type": "DIRT"
      },
      {
        "x": 26,
        "y": 10,
        "type": "AIR"
      },
      {
        "x": 27,
        "y": 10,
        "type": "AIR"
      },
      {
        "x": 28,
        "y": 10,
        "type": "AIR"
      },
      {
        "x": 29,
        "y": 10,
        "type": "AIR"
      },
      {
        "x": 30,
        "y": 10,
        "type": "DIRT"
      },
      {
        "x": 31,
        "y": 10,
        "type": "DIRT"
      }
    ],
    [
      {
        "x": 0,
        "y": 11,
        "type": "AIR"
      },
      {
        "x": 1,
        "y": 11,
        "type": "AIR"
      },
      {
        "x": 2,
        "y": 11,
        "type": "AIR"
      },
      {
        "x": 3,
        "y": 11,
        "type": "DIRT"
      },
      {
        "x": 4,
        "y": 11,
        "type": "AIR"
      },
      {
        "x": 5,
        "y": 11,
        "type": "AIR"
      },
      {
        "x": 6,
        "y": 11,
        "type": "AIR"
      },
      {
        "x": 7,
        "y": 11,
        "type": "AIR"
      },
      {
        "x": 8,
        "y": 11,
        "type": "AIR"
      },
      {
        "x": 9,
        "y": 11,
        "type": "AIR"
      },
      {
        "x": 10,
        "y": 11,
        "type": "DIRT"
      },
      {
        "x": 11,
        "y": 11,
        "type": "DIRT"
      },
      {
        "x": 12,
        "y": 11,
        "type": "DIRT"
      },
      {
        "x": 13,
        "y": 11,
        "type": "AIR"
      },
      {
        "x": 14,
        "y": 11,
        "type": "AIR"
      },
      {
        "x": 15,
        "y": 11,
        "type": "AIR"
      },
      {
        "x": 16,
        "y": 11,
        "type": "DIRT"
      },
      {
        "x": 17,
        "y": 11,
        "type": "AIR"
      },
      {
        "x": 18,
        "y": 11,
        "type": "AIR"
      },
      {
        "x": 19,
        "y": 11,
        "type": "DIRT"
      },
      {
        "x": 20,
        "y": 11,
        "type": "AIR"
      },
      {
        "x": 21,
        "y": 11,
        "type": "AIR"
      },
      {
        "x": 22,
        "y": 11,
        "type": "AIR"
      },
      {
        "x": 23,
        "y": 11,
        "type": "DIRT"
      },
      {
        "x": 24,
        "y": 11,
        "type": "DIRT"
      },
      {
        "x": 25,
        "y": 11,
        "type": "AIR"
      },
      {
        "x": 26,
        "y": 11,
        "type": "DIRT"
      },
      {
        "x": 27,
        "y": 11,
        "type": "DIRT"
      },
      {
        "x": 28,
        "y": 11,
        "type": "AIR"
      },
      {
        "x": 29,
        "y": 11,
        "type": "AIR"
      },
      {
        "x": 30,
        "y": 11,
        "type": "AIR"
      },
      {
        "x": 31,
        "y": 11,
        "type": "DIRT"
      }
    ],
    [
      {
        "x": 0,
        "y": 12,
        "type": "DIRT"
      },
      {
        "x": 1,
        "y": 12,
        "type": "DIRT"
      },
      {
        "x": 2,
        "y": 12,
        "type": "DIRT"
      },
      {
        "x": 3,
        "y": 12,
        "type": "DIRT"
      },
      {
        "x": 4,
        "y": 12,
        "type": "AIR"
      },
      {
        "x": 5,
        "y": 12,
        "type": "AIR"
      },
      {
        "x": 6,
        "y": 12,
        "type": "DIRT"
      },
      {
        "x": 7,
        "y": 12,
        "type": "DIRT"
      },
      {
        "x": 8,
        "y": 12,
        "type": "DIRT"
      },
      {
        "x": 9,
        "y": 12,
        "type": "DIRT"
      },
      {
        "x": 10,
        "y": 12,
        "type": "DIRT"
      },
      {
        "x": 11,
        "y": 12,
        "type": "DIRT"
      },
      {
        "x": 12,
        "y": 12,
        "type": "DIRT"
      },
      {
        "x": 13,
        "y": 12,
        "type": "DIRT"
      },
      {
        "x": 14,
        "y": 12,
        "type": "AIR"
      },
      {
        "x": 15,
        "y": 12,
        "type": "DIRT"
      },
      {
        "x": 16,
        "y": 12,
        "type": "DIRT"
      },
      {
        "x": 17,
        "y": 12,
        "type": "DIRT"
      },
      {
        "x": 18,
        "y": 12,
        "type": "AIR"
      },
      {
        "x": 19,
        "y": 12,
        "type": "AIR"
      },
      {
        "x": 20,
        "y": 12,
        "type": "AIR"
      },
      {
        "x": 21,
        "y": 12,
        "type": "DIRT"
      },
      {
        "x": 22,
        "y": 12,
        "type": "DIRT"
      },
      {
        "x": 23,
        "y": 12,
        "type": "AIR"
      },
      {
        "x": 24,
        "y": 12,
        "type": "AIR"
      },
      {
        "x": 25,
        "y": 12,
        "type": "AIR"
      },
      {
        "x": 26,
        "y": 12,
        "type": "AIR"
      },
      {
        "x": 27,
        "y": 12,
        "type": "DIRT"
      },
      {
        "x": 28,
        "y": 12,
        "type": "DIRT"
      },
      {
        "x": 29,
        "y": 12,
        "type": "AIR"
      },
      {
        "x": 30,
        "y": 12,
        "type": "AIR"
      },
      {
        "x": 31,
        "y": 12,
        "type": "AIR"
      }
    ],
    [
      {
        "x": 0,
        "y": 13,
        "type": "AIR"
      },
      {
        "x": 1,
        "y": 13,
        "type": "AIR"
      },
      {
        "x": 2,
        "y": 13,
        "type": "DIRT"
      },
      {
        "x": 3,
        "y": 13,
        "type": "AIR"
      },
      {
        "x": 4,
        "y": 13,
        "type": "AIR"
      },
      {
        "x": 5,
        "y": 13,
        "type": "AIR"
      },
      {
        "x": 6,
        "y": 13,
        "type": "AIR"
      },
      {
        "x": 7,
        "y": 13,
        "type": "DIRT"
      },
      {
        "x": 8,
        "y": 13,
        "type": "DIRT"
      },
      {
        "x": 9,
        "y": 13,
        "type": "DIRT"
      },
      {
        "x": 10,
        "y": 13,
        "type": "AIR"
      },
      {
        "x": 11,
        "y": 13,
        "type": "AIR"
      },
      {
        "x": 12,
        "y": 13,
        "type": "DIRT"
      },
      {
        "x": 13,
        "y": 13,
        "type": "AIR"
      },
      {
        "x": 14,
        "y": 13,
        "type": "AIR"
      },
      {
        "x": 15,
        "y": 13,
        "type": "DIRT"
      },
      {
        "x": 16,
        "y": 13,
        "type": "DIRT"
      },
      {
        "x": 17,
        "y": 13,
        "type": "DIRT"
      },
      {
        "x": 18,
        "y": 13,
        "type": "AIR"
      },
      {
        "x": 19,
        "y": 13,
        "type": "AIR"
      },
      {
        "x": 20,
        "y": 13,
        "type": "AIR"
      },
      {
        "x": 21,
        "y": 13,
        "type": "DIRT"
      },
      {
        "x": 22,
        "y": 13,
        "type": "DIRT"
      },
      {
        "x": 23,
        "y": 13,
        "type": "DIRT"
      },
      {
        "x": 24,
        "y": 13,
        "type": "AIR"
      },
      {
        "x": 25,
        "y": 13,
        "type": "AIR"
      },
      {
        "x": 26,
        "y": 13,
        "type": "AIR"
      },
      {
        "x": 27,
        "y": 13,
        "type": "DIRT"
      },
      {
        "x": 28,
        "y": 13,
        "type": "DIRT"
      },
      {
        "x": 29,
        "y": 13,
        "type": "DIRT"
      },
      {
        "x": 30,
        "y": 13,
        "type": "DIRT"
      },
      {
        "x": 31,
        "y": 13,
        "type": "DIRT"
      }
    ],
    [
      {
        "x": 0,
        "y": 14,
        "type": "AIR"
      },
      {
        "x": 1,
        "y": 14,
        "type": "AIR"
      },
      {
        "x": 2,
        "y": 14,
        "type": "AIR"
      },
      {
        "x": 3,
        "y": 14,
        "type": "AIR"
      },
      {
        "x": 4,
        "y": 14,
        "type": "AIR"
      },
      {
        "x": 5,
        "y": 14,
        "type": "AIR"
      },
      {
        "x": 6,
        "y": 14,
        "type": "AIR"
      },
      {
        "x": 7,
        "y": 14,
        "type": "AIR"
      },
      {
        "x": 8,
        "y": 14,
        "type": "DIRT"
      },
      {
        "x": 9,
        "y": 14,
        "type": "AIR"
      },
      {
        "x": 10,
        "y": 14,
        "type": "AIR"
      },
      {
        "x": 11,
        "y": 14,
        "type": "DIRT"
      },
      {
        "x": 12,
        "y": 14,
        "type": "AIR"
      },
      {
        "x": 13,
        "y": 14,
        "type": "AIR"
      },
      {
        "x": 14,
        "y": 14,
        "type": "AIR",
        "powerup": {
          "type": "HEALTH_PACK",
          "value": 50
        }
      },
      {
        "x": 15,
        "y": 14,
        "type": "DIRT"
      },
      {
        "x": 16,
        "y": 14,
        "type": "AIR"
      },
      {
        "x": 17,
        "y": 14,
        "type": "AIR"
      },
      {
        "x": 18,
        "y": 14,
        "type": "AIR",
        "powerup": {
          "type": "HEALTH_PACK",
          "health": 50
        }
      },
      {
        "x": 19,
        "y": 14,
        "type": "AIR"
      },
      {
        "x": 20,
        "y": 14,
        "type": "DIRT"
      },
      {
        "x": 21,
        "y": 14,
        "type": "AIR"
      },
      {
        "x": 22,
        "y": 14,
        "type": "AIR"
      },
      {
        "x": 23,
        "y": 14,
        "type": "DIRT"
      },
      {
        "x": 24,
        "y": 14,
        "type": "DIRT"
      },
      {
        "x": 25,
        "y": 14,
        "type": "AIR"
      },
      {
        "x": 26,
        "y": 14,
        "type": "AIR"
      },
      {
        "x": 27,
        "y": 14,
        "type": "DIRT"
      },
      {
        "x": 28,
        "y": 14,
        "type": "DIRT"
      },
      {
        "x": 29,
        "y": 14,
        "type": "DIRT"
      },
      {
        "x": 30,
        "y": 14,
        "type": "DIRT"
      },
      {
        "x": 31,
        "y": 14,
        "type": "DIRT"
      }
    ],
    [
      {
        "x": 0,
        "y": 15,
        "type": "AIR"
      },
      {
        "x": 1,
        "y": 15,
        "type": "AIR"
      },
      {
        "x": 2,
        "y": 15,
        "type": "DIRT"
      },
      {
        "x": 3,
        "y": 15,
        "type": "DIRT"
      },
      {
        "x": 4,
        "y": 15,
        "type": "DIRT"
      },
      {
        "x": 5,
        "y": 15,
        "type": "AIR"
      },
      {
        "x": 6,
        "y": 15,
        "type": "AIR"
      },
      {
        "x": 7,
        "y": 15,
        "type": "DIRT"
      },
      {
        "x": 8,
        "y": 15,
        "type": "AIR"
      },
      {
        "x": 9,
        "y": 15,
        "type": "AIR"
      },
      {
        "x": 10,
        "y": 15,
        "type": "AIR"
      },
      {
        "x": 11,
        "y": 15,
        "type": "AIR"
      },
      {
        "x": 12,
        "y": 15,
        "type": "AIR"
      },
      {
        "x": 13,
        "y": 15,
        "type": "AIR"
      },
      {
        "x": 14,
        "y": 15,
        "type": "DIRT"
      },
      {
        "x": 15,
        "y": 15,
        "type": "AIR",
        "powerup": {
          "type": "HEALTH_PACK",
          "health": 50
        }
      },
      {
        "x": 16,
        "y": 15,
        "type": "AIR"
      },
      {
        "x": 17,
        "y": 15,
        "type": "AIR"
      },
      {
        "x": 18,
        "y": 15,
        "type": "AIR"
      },
      {
        "x": 19,
        "y": 15,
        "type": "AIR"
      },
      {
        "x": 20,
        "y": 15,
        "type": "DIRT"
      },
      {
        "x": 21,
        "y": 15,
        "type": "DIRT"
      },
      {
        "x": 22,
        "y": 15,
        "type": "DIRT"
      },
      {
        "x": 23,
        "y": 15,
        "type": "DIRT"
      },
      {
        "x": 24,
        "y": 15,
        "type": "DIRT"
      },
      {
        "x": 25,
        "y": 15,
        "type": "AIR"
      },
      {
        "x": 26,
        "y": 15,
        "type": "DIRT"
      },
      {
        "x": 27,
        "y": 15,
        "type": "DIRT"
      },
      {
        "x": 28,
        "y": 15,
        "type": "DIRT"
      },
      {
        "x": 29,
        "y": 15,
        "type": "DIRT"
      },
      {
        "x": 30,
        "y": 15,
        "type": "AIR"
      },
      {
        "x": 31,
        "y": 15,
        "type": "AIR"
      }
    ],
    [
      {
        "x": 0,
        "y": 16,
        "type": "AIR"
      },
      {
        "x": 1,
        "y": 16,
        "type": "AIR"
      },
      {
        "x": 2,
        "y": 16,
        "type": "AIR"
      },
      {
        "x": 3,
        "y": 16,
        "type": "DIRT"
      },
      {
        "x": 4,
        "y": 16,
        "type": "DIRT"
      },
      {
        "x": 5,
        "y": 16,
        "type": "AIR"
      },
      {
        "x": 6,
        "y": 16,
        "type": "DIRT"
      },
      {
        "x": 7,
        "y": 16,
        "type": "DIRT"
      },
      {
        "x": 8,
        "y": 16,
        "type": "AIR"
      },
      {
        "x": 9,
        "y": 16,
        "type": "AIR"
      },
      {
        "x": 10,
        "y": 16,
        "type": "DIRT"
      },
      {
        "x": 11,
        "y": 16,
        "type": "DIRT"
      },
      {
        "x": 12,
        "y": 16,
        "type": "AIR"
      },
      {
        "x": 13,
        "y": 16,
        "type": "AIR"
      },
      {
        "x": 14,
        "y": 16,
        "type": "DIRT"
      },
      {
        "x": 15,
        "y": 16,
        "type": "AIR"
      },
      {
        "x": 16,
        "y": 16,
        "type": "AIR"
      },
      {
        "x": 17,
        "y": 16,
        "type": "AIR"
      },
      {
        "x": 18,
        "y": 16,
        "type": "AIR"
      },
      {
        "x": 19,
        "y": 16,
        "type": "AIR"
      },
      {
        "x": 20,
        "y": 16,
        "type": "AIR"
      },
      {
        "x": 21,
        "y": 16,
        "type": "AIR"
      },
      {
        "x": 22,
        "y": 16,
        "type": "AIR"
      },
      {
        "x": 23,
        "y": 16,
        "type": "AIR"
      },
      {
        "x": 24,
        "y": 16,
        "type": "AIR"
      },
      {
        "x": 25,
        "y": 16,
        "type": "AIR"
      },
      {
        "x": 26,
        "y": 16,
        "type": "DIRT"
      },
      {
        "x": 27,
        "y": 16,
        "type": "DIRT"
      },
      {
        "x": 28,
        "y": 16,
        "type": "DIRT"
      },
      {
        "x": 29,
        "y": 16,
        "type": "DIRT"
      },
      {
        "x": 30,
        "y": 16,
        "type": "AIR"
      },
      {
        "x": 31,
        "y": 16,
        "type": "AIR",
        "occupier": {
          "id": 1,
          "playerId": 2,
          "health": 100,
          "position": {
            "x": 31,
            "y": 16
          },
          "diggingRange": 1,
          "movementRange": 1
        }
      }
    ],
    [
      {
        "x": 0,
        "y": 17,
        "type": "AIR"
      },
      {
        "x": 1,
        "y": 17,
        "type": "DIRT"
      },
      {
        "x": 2,
        "y": 17,
        "type": "AIR"
      },
      {
        "x": 3,
        "y": 17,
        "type": "AIR"
      },
      {
        "x": 4,
        "y": 17,
        "type": "DIRT"
      },
      {
        "x": 5,
        "y": 17,
        "type": "DIRT"
      },
      {
        "x": 6,
        "y": 17,
        "type": "DIRT"
      },
      {
        "x": 7,
        "y": 17,
        "type": "DIRT"
      },
      {
        "x": 8,
        "y": 17,
        "type": "AIR"
      },
      {
        "x": 9,
        "y": 17,
        "type": "AIR"
      },
      {
        "x": 10,
        "y": 17,
        "type": "AIR"
      },
      {
        "x": 11,
        "y": 17,
        "type": "AIR"
      },
      {
        "x": 12,
        "y": 17,
        "type": "AIR"
      },
      {
        "x": 13,
        "y": 17,
        "type": "AIR"
      },
      {
        "x": 14,
        "y": 17,
        "type": "DIRT"
      },
      {
        "x": 15,
        "y": 17,
        "type": "DIRT"
      },
      {
        "x": 16,
        "y": 17,
        "type": "DIRT"
      },
      {
        "x": 17,
        "y": 17,
        "type": "DIRT"
      },
      {
        "x": 18,
        "y": 17,
        "type": "DIRT"
      },
      {
        "x": 19,
        "y": 17,
        "type": "AIR"
      },
      {
        "x": 20,
        "y": 17,
        "type": "AIR"
      },
      {
        "x": 21,
        "y": 17,
        "type": "AIR"
      },
      {
        "x": 22,
        "y": 17,
        "type": "AIR"
      },
      {
        "x": 23,
        "y": 17,
        "type": "DIRT"
      },
      {
        "x": 24,
        "y": 17,
        "type": "DIRT"
      },
      {
        "x": 25,
        "y": 17,
        "type": "AIR"
      },
      {
        "x": 26,
        "y": 17,
        "type": "DIRT"
      },
      {
        "x": 27,
        "y": 17,
        "type": "DIRT"
      },
      {
        "x": 28,
        "y": 17,
        "type": "DIRT"
      },
      {
        "x": 29,
        "y": 17,
        "type": "DIRT"
      },
      {
        "x": 30,
        "y": 17,
        "type": "AIR"
      },
      {
        "x": 31,
        "y": 17,
        "type": "AIR"
      }
    ],
    [
      {
        "x": 0,
        "y": 18,
        "type": "DIRT"
      },
      {
        "x": 1,
        "y": 18,
        "type": "DIRT"
      },
      {
        "x": 2,
        "y": 18,
        "type": "AIR"
      },
      {
        "x": 3,
        "y": 18,
        "type": "AIR"
      },
      {
        "x": 4,
        "y": 18,
        "type": "AIR"
      },
      {
        "x": 5,
        "y": 18,
        "type": "AIR"
      },
      {
        "x": 6,
        "y": 18,
        "type": "DIRT"
      },
      {
        "x": 7,
        "y": 18,
        "type": "AIR"
      },
      {
        "x": 8,
        "y": 18,
        "type": "AIR"
      },
      {
        "x": 9,
        "y": 18,
        "type": "DIRT"
      },
      {
        "x": 10,
        "y": 18,
        "type": "AIR"
      },
      {
        "x": 11,
        "y": 18,
        "type": "AIR"
      },
      {
        "x": 12,
        "y": 18,
        "type": "AIR"
      },
      {
        "x": 13,
        "y": 18,
        "type": "AIR"
      },
      {
        "x": 14,
        "y": 18,
        "type": "DIRT"
      },
      {
        "x": 15,
        "y": 18,
        "type": "DIRT"
      },
      {
        "x": 16,
        "y": 18,
        "type": "DIRT"
      },
      {
        "x": 17,
        "y": 18,
        "type": "DIRT"
      },
      {
        "x": 18,
        "y": 18,
        "type": "DIRT"
      },
      {
        "x": 19,
        "y": 18,
        "type": "DIRT"
      },
      {
        "x": 20,
        "y": 18,
        "type": "DIRT"
      },
      {
        "x": 21,
        "y": 18,
        "type": "DIRT"
      },
      {
        "x": 22,
        "y": 18,
        "type": "DIRT"
      },
      {
        "x": 23,
        "y": 18,
        "type": "DIRT"
      },
      {
        "x": 24,
        "y": 18,
        "type": "DIRT"
      },
      {
        "x": 25,
        "y": 18,
        "type": "AIR"
      },
      {
        "x": 26,
        "y": 18,
        "type": "AIR"
      },
      {
        "x": 27,
        "y": 18,
        "type": "AIR"
      },
      {
        "x": 28,
        "y": 18,
        "type": "DIRT"
      },
      {
        "x": 29,
        "y": 18,
        "type": "DIRT"
      },
      {
        "x": 30,
        "y": 18,
        "type": "DIRT"
      },
      {
        "x": 31,
        "y": 18,
        "type": "DIRT"
      }
    ],
    [
      {
        "x": 0,
        "y": 19,
        "type": "DIRT"
      },
      {
        "x": 1,
        "y": 19,
        "type": "DIRT"
      },
      {
        "x": 2,
        "y": 19,
        "type": "DIRT"
      },
      {
        "x": 3,
        "y": 19,
        "type": "DIRT"
      },
      {
        "x": 4,
        "y": 19,
        "type": "DIRT"
      },
      {
        "x": 5,
        "y": 19,
        "type": "AIR"
      },
      {
        "x": 6,
        "y": 19,
        "type": "DIRT"
      },
      {
        "x": 7,
        "y": 19,
        "type": "AIR"
      },
      {
        "x": 8,
        "y": 19,
        "type": "AIR"
      },
      {
        "x": 9,
        "y": 19,
        "type": "DIRT"
      },
      {
        "x": 10,
        "y": 19,
        "type": "DIRT"
      },
      {
        "x": 11,
        "y": 19,
        "type": "DIRT"
      },
      {
        "x": 12,
        "y": 19,
        "type": "AIR"
      },
      {
        "x": 13,
        "y": 19,
        "type": "AIR"
      },
      {
        "x": 14,
        "y": 19,
        "type": "AIR"
      },
      {
        "x": 15,
        "y": 19,
        "type": "DIRT"
      },
      {
        "x": 16,
        "y": 19,
        "type": "DIRT"
      },
      {
        "x": 17,
        "y": 19,
        "type": "AIR",
        "powerup": {
          "type": "HEALTH_PACK",
          "health": 50
        }
      },
      {
        "x": 18,
        "y": 19,
        "type": "DIRT"
      },
      {
        "x": 19,
        "y": 19,
        "type": "AIR"
      },
      {
        "x": 20,
        "y": 19,
        "type": "DIRT"
      },
      {
        "x": 21,
        "y": 19,
        "type": "DIRT"
      },
      {
        "x": 22,
        "y": 19,
        "type": "DIRT"
      },
      {
        "x": 23,
        "y": 19,
        "type": "AIR"
      },
      {
        "x": 24,
        "y": 19,
        "type": "AIR"
      },
      {
        "x": 25,
        "y": 19,
        "type": "AIR"
      },
      {
        "x": 26,
        "y": 19,
        "type": "AIR"
      },
      {
        "x": 27,
        "y": 19,
        "type": "AIR"
      },
      {
        "x": 28,
        "y": 19,
        "type": "AIR"
      },
      {
        "x": 29,
        "y": 19,
        "type": "AIR"
      },
      {
        "x": 30,
        "y": 19,
        "type": "AIR"
      },
      {
        "x": 31,
        "y": 19,
        "type": "AIR"
      }
    ],
    [
      {
        "x": 0,
        "y": 20,
        "type": "AIR"
      },
      {
        "x": 1,
        "y": 20,
        "type": "AIR"
      },
      {
        "x": 2,
        "y": 20,
        "type": "AIR"
      },
      {
        "x": 3,
        "y": 20,
        "type": "DIRT"
      },
      {
        "x": 4,
        "y": 20,
        "type": "DIRT"
      },
      {
        "x": 5,
        "y": 20,
        "type": "AIR"
      },
      {
        "x": 6,
        "y": 20,
        "type": "AIR"
      },
      {
        "x": 7,
        "y": 20,
        "type": "AIR"
      },
      {
        "x": 8,
        "y": 20,
        "type": "AIR"
      },
      {
        "x": 9,
        "y": 20,
        "type": "AIR"
      },
      {
        "x": 10,
        "y": 20,
        "type": "DIRT"
      },
      {
        "x": 11,
        "y": 20,
        "type": "DIRT"
      },
      {
        "x": 12,
        "y": 20,
        "type": "DIRT"
      },
      {
        "x": 13,
        "y": 20,
        "type": "AIR"
      },
      {
        "x": 14,
        "y": 20,
        "type": "AIR"
      },
      {
        "x": 15,
        "y": 20,
        "type": "DIRT"
      },
      {
        "x": 16,
        "y": 20,
        "type": "DIRT"
      },
      {
        "x": 17,
        "y": 20,
        "type": "DIRT"
      },
      {
        "x": 18,
        "y": 20,
        "type": "AIR"
      },
      {
        "x": 19,
        "y": 20,
        "type": "AIR"
      },
      {
        "x": 20,
        "y": 20,
        "type": "DIRT"
      },
      {
        "x": 21,
        "y": 20,
        "type": "DIRT"
      },
      {
        "x": 22,
        "y": 20,
        "type": "DIRT"
      },
      {
        "x": 23,
        "y": 20,
        "type": "DIRT"
      },
      {
        "x": 24,
        "y": 20,
        "type": "DIRT"
      },
      {
        "x": 25,
        "y": 20,
        "type": "AIR"
      },
      {
        "x": 26,
        "y": 20,
        "type": "DIRT"
      },
      {
        "x": 27,
        "y": 20,
        "type": "AIR"
      },
      {
        "x": 28,
        "y": 20,
        "type": "AIR"
      },
      {
        "x": 29,
        "y": 20,
        "type": "AIR"
      },
      {
        "x": 30,
        "y": 20,
        "type": "DIRT"
      },
      {
        "x": 31,
        "y": 20,
        "type": "DIRT"
      }
    ],
    [
      {
        "x": 0,
        "y": 21,
        "type": "AIR"
      },
      {
        "x": 1,
        "y": 21,
        "type": "AIR",
        "occupier": {
          "id": 2,
          "playerId": 3,
          "health": 100,
          "position": {
            "x": 1,
            "y": 21
          },
          "diggingRange": 1,
          "movementRange": 1
        }
      },
      {
        "x": 2,
        "y": 21,
        "type": "AIR"
      },
      {
        "x": 3,
        "y": 21,
        "type": "DIRT"
      },
      {
        "x": 4,
        "y": 21,
        "type": "AIR"
      },
      {
        "x": 5,
        "y": 21,
        "type": "DIRT"
      },
      {
        "x": 6,
        "y": 21,
        "type": "DIRT"
      },
      {
        "x": 7,
        "y": 21,
        "type": "AIR"
      },
      {
        "x": 8,
        "y": 21,
        "type": "AIR"
      },
      {
        "x": 9,
        "y": 21,
        "type": "AIR"
      },
      {
        "x": 10,
        "y": 21,
        "type": "AIR"
      },
      {
        "x": 11,
        "y": 21,
        "type": "DIRT"
      },
      {
        "x": 12,
        "y": 21,
        "type": "DIRT"
      },
      {
        "x": 13,
        "y": 21,
        "type": "DIRT"
      },
      {
        "x": 14,
        "y": 21,
        "type": "AIR"
      },
      {
        "x": 15,
        "y": 21,
        "type": "AIR"
      },
      {
        "x": 16,
        "y": 21,
        "type": "DIRT"
      },
      {
        "x": 17,
        "y": 21,
        "type": "AIR"
      },
      {
        "x": 18,
        "y": 21,
        "type": "AIR"
      },
      {
        "x": 19,
        "y": 21,
        "type": "AIR"
      },
      {
        "x": 20,
        "y": 21,
        "type": "DIRT"
      },
      {
        "x": 21,
        "y": 21,
        "type": "DIRT"
      },
      {
        "x": 22,
        "y": 21,
        "type": "DIRT"
      },
      {
        "x": 23,
        "y": 21,
        "type": "DIRT"
      },
      {
        "x": 24,
        "y": 21,
        "type": "DIRT"
      },
      {
        "x": 25,
        "y": 21,
        "type": "AIR"
      },
      {
        "x": 26,
        "y": 21,
        "type": "DIRT"
      },
      {
        "x": 27,
        "y": 21,
        "type": "AIR"
      },
      {
        "x": 28,
        "y": 21,
        "type": "AIR"
      },
      {
        "x": 29,
        "y": 21,
        "type": "AIR"
      },
      {
        "x": 30,
        "y": 21,
        "type": "DIRT"
      },
      {
        "x": 31,
        "y": 21,
        "type": "DIRT"
      }
    ],
    [
      {
        "x": 0,
        "y": 22,
        "type": "DEEP_SPACE"
      },
      {
        "x": 1,
        "y": 22,
        "type": "AIR"
      },
      {
        "x": 2,
        "y": 22,
        "type": "AIR"
      },
      {
        "x": 3,
        "y": 22,
        "type": "DIRT"
      },
      {
        "x": 4,
        "y": 22,
        "type": "DIRT"
      },
      {
        "x": 5,
        "y": 22,
        "type": "DIRT"
      },
      {
        "x": 6,
        "y": 22,
        "type": "DIRT"
      },
      {
        "x": 7,
        "y": 22,
        "type": "DIRT"
      },
      {
        "x": 8,
        "y": 22,
        "type": "DIRT"
      },
      {
        "x": 9,
        "y": 22,
        "type": "DIRT"
      },
      {
        "x": 10,
        "y": 22,
        "type": "DIRT"
      },
      {
        "x": 11,
        "y": 22,
        "type": "DIRT"
      },
      {
        "x": 12,
        "y": 22,
        "type": "DIRT"
      },
      {
        "x": 13,
        "y": 22,
        "type": "DIRT"
      },
      {
        "x": 14,
        "y": 22,
        "type": "AIR"
      },
      {
        "x": 15,
        "y": 22,
        "type": "AIR"
      },
      {
        "x": 16,
        "y": 22,
        "type": "DIRT"
      },
      {
        "x": 17,
        "y": 22,
        "type": "DIRT"
      },
      {
        "x": 18,
        "y": 22,
        "type": "DIRT"
      },
      {
        "x": 19,
        "y": 22,
        "type": "DIRT"
      },
      {
        "x": 20,
        "y": 22,
        "type": "DIRT"
      },
      {
        "x": 21,
        "y": 22,
        "type": "AIR"
      },
      {
        "x": 22,
        "y": 22,
        "type": "AIR"
      },
      {
        "x": 23,
        "y": 22,
        "type": "AIR"
      },
      {
        "x": 24,
        "y": 22,
        "type": "AIR"
      },
      {
        "x": 25,
        "y": 22,
        "type": "AIR"
      },
      {
        "x": 26,
        "y": 22,
        "type": "AIR"
      },
      {
        "x": 27,
        "y": 22,
        "type": "AIR"
      },
      {
        "x": 28,
        "y": 22,
        "type": "AIR"
      },
      {
        "x": 29,
        "y": 22,
        "type": "DIRT"
      },
      {
        "x": 30,
        "y": 22,
        "type": "DIRT"
      },
      {
        "x": 31,
        "y": 22,
        "type": "DEEP_SPACE"
      }
    ],
    [
      {
        "x": 0,
        "y": 23,
        "type": "DEEP_SPACE"
      },
      {
        "x": 1,
        "y": 23,
        "type": "DIRT"
      },
      {
        "x": 2,
        "y": 23,
        "type": "DIRT"
      },
      {
        "x": 3,
        "y": 23,
        "type": "DIRT"
      },
      {
        "x": 4,
        "y": 23,
        "type": "DIRT"
      },
      {
        "x": 5,
        "y": 23,
        "type": "DIRT"
      },
      {
        "x": 6,
        "y": 23,
        "type": "AIR"
      },
      {
        "x": 7,
        "y": 23,
        "type": "DIRT"
      },
      {
        "x": 8,
        "y": 23,
        "type": "DIRT"
      },
      {
        "x": 9,
        "y": 23,
        "type": "DIRT"
      },
      {
        "x": 10,
        "y": 23,
        "type": "DIRT"
      },
      {
        "x": 11,
        "y": 23,
        "type": "DIRT"
      },
      {
        "x": 12,
        "y": 23,
        "type": "AIR"
      },
      {
        "x": 13,
        "y": 23,
        "type": "DIRT"
      },
      {
        "x": 14,
        "y": 23,
        "type": "DIRT"
      },
      {
        "x": 15,
        "y": 23,
        "type": "DIRT"
      },
      {
        "x": 16,
        "y": 23,
        "type": "DIRT"
      },
      {
        "x": 17,
        "y": 23,
        "type": "DIRT"
      },
      {
        "x": 18,
        "y": 23,
        "type": "AIR"
      },
      {
        "x": 19,
        "y": 23,
        "type": "DIRT"
      },
      {
        "x": 20,
        "y": 23,
        "type": "AIR"
      },
      {
        "x": 21,
        "y": 23,
        "type": "AIR"
      },
      {
        "x": 22,
        "y": 23,
        "type": "AIR"
      },
      {
        "x": 23,
        "y": 23,
        "type": "DIRT"
      },
      {
        "x": 24,
        "y": 23,
        "type": "DIRT"
      },
      {
        "x": 25,
        "y": 23,
        "type": "DIRT"
      },
      {
        "x": 26,
        "y": 23,
        "type": "DIRT"
      },
      {
        "x": 27,
        "y": 23,
        "type": "DIRT"
      },
      {
        "x": 28,
        "y": 23,
        "type": "DIRT"
      },
      {
        "x": 29,
        "y": 23,
        "type": "DIRT"
      },
      {
        "x": 30,
        "y": 23,
        "type": "DIRT"
      },
      {
        "x": 31,
        "y": 23,
        "type": "DEEP_SPACE"
      }
    ],
    [
      {
        "x": 0,
        "y": 24,
        "type": "DEEP_SPACE"
      },
      {
        "x": 1,
        "y": 24,
        "type": "DEEP_SPACE"
      },
      {
        "x": 2,
        "y": 24,
        "type": "AIR"
      },
      {
        "x": 3,
        "y": 24,
        "type": "AIR"
      },
      {
        "x": 4,
        "y": 24,
        "type": "AIR"
      },
      {
        "x": 5,
        "y": 24,
        "type": "DIRT"
      },
      {
        "x": 6,
        "y": 24,
        "type": "AIR"
      },
      {
        "x": 7,
        "y": 24,
        "type": "DIRT"
      },
      {
        "x": 8,
        "y": 24,
        "type": "DIRT"
      },
      {
        "x": 9,
        "y": 24,
        "type": "AIR"
      },
      {
        "x": 10,
        "y": 24,
        "type": "AIR"
      },
      {
        "x": 11,
        "y": 24,
        "type": "DIRT"
      },
      {
        "x": 12,
        "y": 24,
        "type": "DIRT"
      },
      {
        "x": 13,
        "y": 24,
        "type": "DIRT"
      },
      {
        "x": 14,
        "y": 24,
        "type": "DIRT"
      },
      {
        "x": 15,
        "y": 24,
        "type": "AIR"
      },
      {
        "x": 16,
        "y": 24,
        "type": "DIRT"
      },
      {
        "x": 17,
        "y": 24,
        "type": "AIR"
      },
      {
        "x": 18,
        "y": 24,
        "type": "AIR"
      },
      {
        "x": 19,
        "y": 24,
        "type": "AIR"
      },
      {
        "x": 20,
        "y": 24,
        "type": "AIR"
      },
      {
        "x": 21,
        "y": 24,
        "type": "AIR"
      },
      {
        "x": 22,
        "y": 24,
        "type": "AIR"
      },
      {
        "x": 23,
        "y": 24,
        "type": "DIRT"
      },
      {
        "x": 24,
        "y": 24,
        "type": "DIRT"
      },
      {
        "x": 25,
        "y": 24,
        "type": "DIRT"
      },
      {
        "x": 26,
        "y": 24,
        "type": "AIR"
      },
      {
        "x": 27,
        "y": 24,
        "type": "AIR"
      },
      {
        "x": 28,
        "y": 24,
        "type": "AIR"
      },
      {
        "x": 29,
        "y": 24,
        "type": "DIRT"
      },
      {
        "x": 30,
        "y": 24,
        "type": "DEEP_SPACE"
      },
      {
        "x": 31,
        "y": 24,
        "type": "DEEP_SPACE"
      }
    ],
    [
      {
        "x": 0,
        "y": 25,
        "type": "DEEP_SPACE"
      },
      {
        "x": 1,
        "y": 25,
        "type": "DEEP_SPACE"
      },
      {
        "x": 2,
        "y": 25,
        "type": "DEEP_SPACE"
      },
      {
        "x": 3,
        "y": 25,
        "type": "AIR"
      },
      {
        "x": 4,
        "y": 25,
        "type": "AIR"
      },
      {
        "x": 5,
        "y": 25,
        "type": "AIR"
      },
      {
        "x": 6,
        "y": 25,
        "type": "AIR"
      },
      {
        "x": 7,
        "y": 25,
        "type": "AIR"
      },
      {
        "x": 8,
        "y": 25,
        "type": "AIR"
      },
      {
        "x": 9,
        "y": 25,
        "type": "AIR"
      },
      {
        "x": 10,
        "y": 25,
        "type": "AIR"
      },
      {
        "x": 11,
        "y": 25,
        "type": "AIR"
      },
      {
        "x": 12,
        "y": 25,
        "type": "AIR"
      },
      {
        "x": 13,
        "y": 25,
        "type": "DIRT"
      },
      {
        "x": 14,
        "y": 25,
        "type": "DIRT"
      },
      {
        "x": 15,
        "y": 25,
        "type": "DIRT"
      },
      {
        "x": 16,
        "y": 25,
        "type": "DIRT"
      },
      {
        "x": 17,
        "y": 25,
        "type": "DIRT"
      },
      {
        "x": 18,
        "y": 25,
        "type": "AIR"
      },
      {
        "x": 19,
        "y": 25,
        "type": "AIR"
      },
      {
        "x": 20,
        "y": 25,
        "type": "AIR"
      },
      {
        "x": 21,
        "y": 25,
        "type": "AIR"
      },
      {
        "x": 22,
        "y": 25,
        "type": "AIR"
      },
      {
        "x": 23,
        "y": 25,
        "type": "AIR"
      },
      {
        "x": 24,
        "y": 25,
        "type": "AIR"
      },
      {
        "x": 25,
        "y": 25,
        "type": "DIRT"
      },
      {
        "x": 26,
        "y": 25,
        "type": "AIR"
      },
      {
        "x": 27,
        "y": 25,
        "type": "AIR",
        "occupier": {
          "id": 1,
          "playerId": 3,
          "health": 100,
          "position": {
            "x": 27,
            "y": 25
          },
          "diggingRange": 1,
          "movementRange": 1
        }
      },
      {
        "x": 28,
        "y": 25,
        "type": "AIR"
      },
      {
        "x": 29,
        "y": 25,
        "type": "DEEP_SPACE"
      },
      {
        "x": 30,
        "y": 25,
        "type": "DEEP_SPACE"
      },
      {
        "x": 31,
        "y": 25,
        "type": "DEEP_SPACE"
      }
    ],
    [
      {
        "x": 0,
        "y": 26,
        "type": "DEEP_SPACE"
      },
      {
        "x": 1,
        "y": 26,
        "type": "DEEP_SPACE"
      },
      {
        "x": 2,
        "y": 26,
        "type": "DEEP_SPACE"
      },
      {
        "x": 3,
        "y": 26,
        "type": "DIRT"
      },
      {
        "x": 4,
        "y": 26,
        "type": "AIR"
      },
      {
        "x": 5,
        "y": 26,
        "type": "AIR"
      },
      {
        "x": 6,
        "y": 26,
        "type": "AIR"
      },
      {
        "x": 7,
        "y": 26,
        "type": "AIR"
      },
      {
        "x": 8,
        "y": 26,
        "type": "AIR"
      },
      {
        "x": 9,
        "y": 26,
        "type": "AIR"
      },
      {
        "x": 10,
        "y": 26,
        "type": "AIR"
      },
      {
        "x": 11,
        "y": 26,
        "type": "DIRT"
      },
      {
        "x": 12,
        "y": 26,
        "type": "AIR"
      },
      {
        "x": 13,
        "y": 26,
        "type": "AIR"
      },
      {
        "x": 14,
        "y": 26,
        "type": "DIRT"
      },
      {
        "x": 15,
        "y": 26,
        "type": "DIRT"
      },
      {
        "x": 16,
        "y": 26,
        "type": "DIRT"
      },
      {
        "x": 17,
        "y": 26,
        "type": "DIRT"
      },
      {
        "x": 18,
        "y": 26,
        "type": "AIR"
      },
      {
        "x": 19,
        "y": 26,
        "type": "AIR"
      },
      {
        "x": 20,
        "y": 26,
        "type": "AIR"
      },
      {
        "x": 21,
        "y": 26,
        "type": "AIR"
      },
      {
        "x": 22,
        "y": 26,
        "type": "AIR"
      },
      {
        "x": 23,
        "y": 26,
        "type": "AIR"
      },
      {
        "x": 24,
        "y": 26,
        "type": "DIRT"
      },
      {
        "x": 25,
        "y": 26,
        "type": "DIRT"
      },
      {
        "x": 26,
        "y": 26,
        "type": "AIR"
      },
      {
        "x": 27,
        "y": 26,
        "type": "AIR"
      },
      {
        "x": 28,
        "y": 26,
        "type": "AIR"
      },
      {
        "x": 29,
        "y": 26,
        "type": "DEEP_SPACE"
      },
      {
        "x": 30,
        "y": 26,
        "type": "DEEP_SPACE"
      },
      {
        "x": 31,
        "y": 26,
        "type": "DEEP_SPACE"
      }
    ],
    [
      {
        "x": 0,
        "y": 27,
        "type": "DEEP_SPACE"
      },
      {
        "x": 1,
        "y": 27,
        "type": "DEEP_SPACE"
      },
      {
        "x": 2,
        "y": 27,
        "type": "DEEP_SPACE"
      },
      {
        "x": 3,
        "y": 27,
        "type": "DEEP_SPACE"
      },
      {
        "x": 4,
        "y": 27,
        "type": "AIR"
      },
      {
        "x": 5,
        "y": 27,
        "type": "AIR"
      },
      {
        "x": 6,
        "y": 27,
        "type": "DIRT"
      },
      {
        "x": 7,
        "y": 27,
        "type": "DIRT"
      },
      {
        "x": 8,
        "y": 27,
        "type": "DIRT"
      },
      {
        "x": 9,
        "y": 27,
        "type": "DIRT"
      },
      {
        "x": 10,
        "y": 27,
        "type": "DIRT"
      },
      {
        "x": 11,
        "y": 27,
        "type": "DIRT"
      },
      {
        "x": 12,
        "y": 27,
        "type": "AIR"
      },
      {
        "x": 13,
        "y": 27,
        "type": "AIR"
      },
      {
        "x": 14,
        "y": 27,
        "type": "DIRT"
      },
      {
        "x": 15,
        "y": 27,
        "type": "DIRT"
      },
      {
        "x": 16,
        "y": 27,
        "type": "AIR"
      },
      {
        "x": 17,
        "y": 27,
        "type": "DIRT"
      },
      {
        "x": 18,
        "y": 27,
        "type": "DIRT"
      },
      {
        "x": 19,
        "y": 27,
        "type": "DIRT"
      },
      {
        "x": 20,
        "y": 27,
        "type": "DIRT"
      },
      {
        "x": 21,
        "y": 27,
        "type": "AIR"
      },
      {
        "x": 22,
        "y": 27,
        "type": "AIR"
      },
      {
        "x": 23,
        "y": 27,
        "type": "AIR"
      },
      {
        "x": 24,
        "y": 27,
        "type": "DIRT"
      },
      {
        "x": 25,
        "y": 27,
        "type": "DIRT"
      },
      {
        "x": 26,
        "y": 27,
        "type": "DIRT"
      },
      {
        "x": 27,
        "y": 27,
        "type": "DIRT"
      },
      {
        "x": 28,
        "y": 27,
        "type": "DEEP_SPACE"
      },
      {
        "x": 29,
        "y": 27,
        "type": "DEEP_SPACE"
      },
      {
        "x": 30,
        "y": 27,
        "type": "DEEP_SPACE"
      },
      {
        "x": 31,
        "y": 27,
        "type": "DEEP_SPACE"
      }
    ],
    [
      {
        "x": 0,
        "y": 28,
        "type": "DEEP_SPACE"
      },
      {
        "x": 1,
        "y": 28,
        "type": "DEEP_SPACE"
      },
      {
        "x": 2,
        "y": 28,
        "type": "DEEP_SPACE"
      },
      {
        "x": 3,
        "y": 28,
        "type": "DEEP_SPACE"
      },
      {
        "x": 4,
        "y": 28,
        "type": "DEEP_SPACE"
      },
      {
        "x": 5,
        "y": 28,
        "type": "DIRT"
      },
      {
        "x": 6,
        "y": 28,
        "type": "DIRT"
      },
      {
        "x": 7,
        "y": 28,
        "type": "AIR"
      },
      {
        "x": 8,
        "y": 28,
        "type": "AIR"
      },
      {
        "x": 9,
        "y": 28,
        "type": "AIR"
      },
      {
        "x": 10,
        "y": 28,
        "type": "DIRT"
      },
      {
        "x": 11,
        "y": 28,
        "type": "DIRT"
      },
      {
        "x": 12,
        "y": 28,
        "type": "DIRT"
      },
      {
        "x": 13,
        "y": 28,
        "type": "DIRT"
      },
      {
        "x": 14,
        "y": 28,
        "type": "DIRT"
      },
      {
        "x": 15,
        "y": 28,
        "type": "AIR"
      },
      {
        "x": 16,
        "y": 28,
        "type": "DIRT"
      },
      {
        "x": 17,
        "y": 28,
        "type": "DIRT"
      },
      {
        "x": 18,
        "y": 28,
        "type": "AIR"
      },
      {
        "x": 19,
        "y": 28,
        "type": "AIR"
      },
      {
        "x": 20,
        "y": 28,
        "type": "AIR"
      },
      {
        "x": 21,
        "y": 28,
        "type": "AIR"
      },
      {
        "x": 22,
        "y": 28,
        "type": "DIRT"
      },
      {
        "x": 23,
        "y": 28,
        "type": "DIRT"
      },
      {
        "x": 24,
        "y": 28,
        "type": "DIRT"
      },
      {
        "x": 25,
        "y": 28,
        "type": "DIRT"
      },
      {
        "x": 26,
        "y": 28,
        "type": "AIR"
      },
      {
        "x": 27,
        "y": 28,
        "type": "DEEP_SPACE"
      },
      {
        "x": 28,
        "y": 28,
        "type": "DEEP_SPACE"
      },
      {
        "x": 29,
        "y": 28,
        "type": "DEEP_SPACE"
      },
      {
        "x": 30,
        "y": 28,
        "type": "DEEP_SPACE"
      },
      {
        "x": 31,
        "y": 28,
        "type": "DEEP_SPACE"
      }
    ],
    [
      {
        "x": 0,
        "y": 29,
        "type": "DEEP_SPACE"
      },
      {
        "x": 1,
        "y": 29,
        "type": "DEEP_SPACE"
      },
      {
        "x": 2,
        "y": 29,
        "type": "DEEP_SPACE"
      },
      {
        "x": 3,
        "y": 29,
        "type": "DEEP_SPACE"
      },
      {
        "x": 4,
        "y": 29,
        "type": "DEEP_SPACE"
      },
      {
        "x": 5,
        "y": 29,
        "type": "DEEP_SPACE"
      },
      {
        "x": 6,
        "y": 29,
        "type": "DEEP_SPACE"
      },
      {
        "x": 7,
        "y": 29,
        "type": "AIR"
      },
      {
        "x": 8,
        "y": 29,
        "type": "AIR",
        "occupier": {
          "id": 2,
          "playerId": 2,
          "health": 100,
          "position": {
            "x": 8,
            "y": 29
          },
          "diggingRange": 1,
          "movementRange": 1
        }
      },
      {
        "x": 9,
        "y": 29,
        "type": "AIR"
      },
      {
        "x": 10,
        "y": 29,
        "type": "DIRT"
      },
      {
        "x": 11,
        "y": 29,
        "type": "AIR"
      },
      {
        "x": 12,
        "y": 29,
        "type": "AIR"
      },
      {
        "x": 13,
        "y": 29,
        "type": "DIRT"
      },
      {
        "x": 14,
        "y": 29,
        "type": "DIRT"
      },
      {
        "x": 15,
        "y": 29,
        "type": "AIR"
      },
      {
        "x": 16,
        "y": 29,
        "type": "DIRT"
      },
      {
        "x": 17,
        "y": 29,
        "type": "DIRT"
      },
      {
        "x": 18,
        "y": 29,
        "type": "DIRT"
      },
      {
        "x": 19,
        "y": 29,
        "type": "DIRT"
      },
      {
        "x": 20,
        "y": 29,
        "type": "DIRT"
      },
      {
        "x": 21,
        "y": 29,
        "type": "AIR"
      },
      {
        "x": 22,
        "y": 29,
        "type": "DIRT"
      },
      {
        "x": 23,
        "y": 29,
        "type": "DIRT"
      },
      {
        "x": 24,
        "y": 29,
        "type": "AIR"
      },
      {
        "x": 25,
        "y": 29,
        "type": "DEEP_SPACE"
      },
      {
        "x": 26,
        "y": 29,
        "type": "DEEP_SPACE"
      },
      {
        "x": 27,
        "y": 29,
        "type": "DEEP_SPACE"
      },
      {
        "x": 28,
        "y": 29,
        "type": "DEEP_SPACE"
      },
      {
        "x": 29,
        "y": 29,
        "type": "DEEP_SPACE"
      },
      {
        "x": 30,
        "y": 29,
        "type": "DEEP_SPACE"
      },
      {
        "x": 31,
        "y": 29,
        "type": "DEEP_SPACE"
      }
    ],
    [
      {
        "x": 0,
        "y": 30,
        "type": "DEEP_SPACE"
      },
      {
        "x": 1,
        "y": 30,
        "type": "DEEP_SPACE"
      },
      {
        "x": 2,
        "y": 30,
        "type": "DEEP_SPACE"
      },
      {
        "x": 3,
        "y": 30,
        "type": "DEEP_SPACE"
      },
      {
        "x": 4,
        "y": 30,
        "type": "DEEP_SPACE"
      },
      {
        "x": 5,
        "y": 30,
        "type": "DEEP_SPACE"
      },
      {
        "x": 6,
        "y": 30,
        "type": "DEEP_SPACE"
      },
      {
        "x": 7,
        "y": 30,
        "type": "DEEP_SPACE"
      },
      {
        "x": 8,
        "y": 30,
        "type": "AIR"
      },
      {
        "x": 9,
        "y": 30,
        "type": "AIR"
      },
      {
        "x": 10,
        "y": 30,
        "type": "DIRT"
      },
      {
        "x": 11,
        "y": 30,
        "type": "AIR"
      },
      {
        "x": 12,
        "y": 30,
        "type": "AIR"
      },
      {
        "x": 13,
        "y": 30,
        "type": "DIRT"
      },
      {
        "x": 14,
        "y": 30,
        "type": "DIRT"
      },
      {
        "x": 15,
        "y": 30,
        "type": "AIR"
      },
      {
        "x": 16,
        "y": 30,
        "type": "DIRT"
      },
      {
        "x": 17,
        "y": 30,
        "type": "AIR"
      },
      {
        "x": 18,
        "y": 30,
        "type": "AIR"
      },
      {
        "x": 19,
        "y": 30,
        "type": "AIR"
      },
      {
        "x": 20,
        "y": 30,
        "type": "DIRT"
      },
      {
        "x": 21,
        "y": 30,
        "type": "AIR"
      },
      {
        "x": 22,
        "y": 30,
        "type": "DIRT"
      },
      {
        "x": 23,
        "y": 30,
        "type": "AIR"
      },
      {
        "x": 24,
        "y": 30,
        "type": "DEEP_SPACE"
      },
      {
        "x": 25,
        "y": 30,
        "type": "DEEP_SPACE"
      },
      {
        "x": 26,
        "y": 30,
        "type": "DEEP_SPACE"
      },
      {
        "x": 27,
        "y": 30,
        "type": "DEEP_SPACE"
      },
      {
        "x": 28,
        "y": 30,
        "type": "DEEP_SPACE"
      },
      {
        "x": 29,
        "y": 30,
        "type": "DEEP_SPACE"
      },
      {
        "x": 30,
        "y": 30,
        "type": "DEEP_SPACE"
      },
      {
        "x": 31,
        "y": 30,
        "type": "DEEP_SPACE"
      }
    ],
    [
      {
        "x": 0,
        "y": 31,
        "type": "DEEP_SPACE"
      },
      {
        "x": 1,
        "y": 31,
        "type": "DEEP_SPACE"
      },
      {
        "x": 2,
        "y": 31,
        "type": "DEEP_SPACE"
      },
      {
        "x": 3,
        "y": 31,
        "type": "DEEP_SPACE"
      },
      {
        "x": 4,
        "y": 31,
        "type": "DEEP_SPACE"
      },
      {
        "x": 5,
        "y": 31,
        "type": "DEEP_SPACE"
      },
      {
        "x": 6,
        "y": 31,
        "type": "DEEP_SPACE"
      },
      {
        "x": 7,
        "y": 31,
        "type": "DEEP_SPACE"
      },
      {
        "x": 8,
        "y": 31,
        "type": "DEEP_SPACE"
      },
      {
        "x": 9,
        "y": 31,
        "type": "DEEP_SPACE"
      },
      {
        "x": 10,
        "y": 31,
        "type": "DIRT"
      },
      {
        "x": 11,
        "y": 31,
        "type": "AIR"
      },
      {
        "x": 12,
        "y": 31,
        "type": "DIRT"
      },
      {
        "x": 13,
        "y": 31,
        "type": "DIRT"
      },
      {
        "x": 14,
        "y": 31,
        "type": "AIR"
      },
      {
        "x": 15,
        "y": 31,
        "type": "DIRT"
      },
      {
        "x": 16,
        "y": 31,
        "type": "DIRT"
      },
      {
        "x": 17,
        "y": 31,
        "type": "AIR"
      },
      {
        "x": 18,
        "y": 31,
        "type": "AIR",
        "occupier": {
          "id": 1,
          "playerId": 1,
          "health": 100,
          "position": {
            "x": 18,
            "y": 31
          },
          "weapon": {
            "damage": 1,
            "range": 4
          },
          "diggingRange": 1,
          "movementRange": 1
        }
      },
      {
        "x": 19,
        "y": 31,
        "type": "AIR"
      },
      {
        "x": 20,
        "y": 31,
        "type": "DIRT"
      },
      {
        "x": 21,
        "y": 31,
        "type": "AIR"
      },
      {
        "x": 22,
        "y": 31,
        "type": "DEEP_SPACE"
      },
      {
        "x": 23,
        "y": 31,
        "type": "DEEP_SPACE"
      },
      {
        "x": 24,
        "y": 31,
        "type": "DEEP_SPACE"
      },
      {
        "x": 25,
        "y": 31,
        "type": "DEEP_SPACE"
      },
      {
        "x": 26,
        "y": 31,
        "type": "DEEP_SPACE"
      },
      {
        "x": 27,
        "y": 31,
        "type": "DEEP_SPACE"
      },
      {
        "x": 28,
        "y": 31,
        "type": "DEEP_SPACE"
      },
      {
        "x": 29,
        "y": 31,
        "type": "DEEP_SPACE"
      },
      {
        "x": 30,
        "y": 31,
        "type": "DEEP_SPACE"
      },
      {
        "x": 31,
        "y": 31,
        "type": "DEEP_SPACE"
      }
    ]
  ]
}